x,y,cluster
0.1443546930645901,0.10016455251708332,0
-0.3046184025571622,-0.134067078451857,1
0.1674999584218777,0.16525972606917877,0
0.14918674282427397,0.11298639394252745,0
0.16658566841399633,0.16435673183299823,0
-0.30537627754773267,-0.13550846405555475,1
-0.3086002789021281,-0.1363281709331503,1
0.13612882453232503,0.17297037772137305,0
-0.30463206689776673,-0.13487666265736112,1
0.09051986020538468,-0.1578246167550591,0
0.09344851125028407,-0.15941556108401006,0
0.09140673669140997,-0.15317905226922848,0
0.13617482584052126,0.17511870875896585,0
0.0912577973784959,-0.15391996046836826,0
0.151246545464353,0.1158581136133047,0
-0.2700623576860099,0.23765708568880772,1
0.14394589465561086,0.11638786854692072,0
0.13699091770004107,0.17426580404543415,0
-0.32369886915073676,0.17460116298276374,1
0.14918552846031594,0.11427269259288717,0
-0.30406204244849167,-0.13752942061495943,1
-0.306538962000089,-0.1349357825441201,1
0.13963171925523135,0.11195990215533119,0
0.0893557533758175,-0.15272394800242722,0
0.14369801832412288,0.11491378592954582,0
0.16643921418651672,0.16594337413616705,0
0.16559986421125744,0.16349374764558022,0
0.09193348570087936,-0.15628794620661543,0
0.09327009408797751,-0.16055699437848034,0
0.13439796012942914,0.17144509114547377,0
0.13546214386360322,0.17325484692352514,0
0.13498866708580565,0.17063661044746956,0
-0.27211257825645857,0.23918779335877552,1
-0.3111985014587147,0.1634775764698731,1
0.16423477928732566,0.16297016553579363,0
0.0908435397958372,-0.15326878767127144,0
0.09385242747537016,-0.15836510779037877,0
0.08856945604216555,-0.15413623822414646,0
0.09259142903741738,-0.15840788553746438,0
0.13676186030661297,0.17374994596443397,0
0.14811360091440062,0.11640146109924768,0
-0.31563299641942427,0.17074066516035072,1
0.16520152954795245,0.16224050097306678,0
0.09156842582871257,-0.15339636324750833,0
0.16699955601946967,0.16544068046948374,0
0.14836537064402228,0.11316996524357784,0
0.09167272799694832,-0.15490491994809413,0
-0.2961309053159275,0.18132523211545612,1
0.16695386469530227,0.16489465404155987,0
0.1494935497655703,0.11300921268518413,0
0.09028601353523916,-0.15347941681775004,0
0.09079387234135838,-0.15197500909457898,0
-0.30585191454570515,-0.1340997581861445,1
0.14586063496859436,0.11139051001587541,0
0.09156530099170258,-0.15475634597984506,0
0.14350459974484384,0.11606225365369295,0
0.09220660084673327,-0.15413744923341025,0
0.09264441119587749,-0.15179063496122047,0
0.0919071616327796,-0.1523232939145698,0
0.09143341332031991,-0.15420111466013697,0
0.09033453900785511,-0.15426761384262597,0
0.09172336091146943,-0.15384511212752286,0
0.09091055732131852,-0.15169358245381184,0
0.15922168271411105,0.08562011185161585,0
0.09105924688285487,-0.15583680436977432,0
-0.30491567939801695,-0.13509654783394837,1
0.1430485807667638,0.10179954813270316,0
-0.30498670991778615,-0.13388910884047495,1
0.09200064867183932,-0.15284961390429885,0
0.1373667279624456,0.17405211357900793,0
0.09078564213933353,-0.15386141766226857,0
0.13578196668804915,0.17269522674720036,0
0.09192217303680095,-0.15437532909080673,0
0.09133994689006722,-0.15350318611383829,0
0.16559660754237934,0.16640651370159038,0
0.09068146165971169,-0.1542001034281254,0
-0.30649612891687794,-0.1339690154093136,1
0.09146479823126301,-0.15260284697260906,0
-0.3089236886196589,0.16403024709434366,1
0.09177967899976879,-0.15461011330959704,0
0.14193803441254493,0.11376185874098713,0
0.15057397578729426,0.11521453861535721,0
-0.27532049470506076,0.24060338849776133,1
0.14448731575264065,0.1141313206117278,0
-0.30556826766599127,-0.13400395809039747,1
0.09225263134675596,-0.15604367315190953,0
-0.30613667689750623,-0.1361050064011132,1
-0.27150446511854165,0.2390475688410312,1
0.14904645573492573,0.11351195127338946,0
0.13322971394615207,0.1742345196801618,0
0.15012047359240036,0.11513622486675207,0
0.09157251317837818,-0.1510997344798,0
-0.29907329381385256,0.1791031858619073,1
-0.3061537146380199,-0.13587744833424578,1
-0.3084095043612647,-0.13649487763804155,1
-0.3044489015565162,0.2449981485983081,1
0.09286824432333834,-0.15622162475797852,0
0.1439017732852796,0.11367123386116935,0
0.14545314477255386,0.11303498951190905,0
0.09087036544206926,-0.15298960828391683,0
-0.3138724652274714,0.2437828891288868,1
0.14367402036488816,0.1148128833682616,0
0.09200354211369563,-0.15508146792782196,0
0.1345891455414083,0.17051573968162556,0
-0.3166987786038721,0.17106729088052672,1
0.1443827355464963,0.11645308809345503,0
-0.29978531704935757,0.1779409178361501,1
0.14801499545086194,0.11681441632831098,0
0.09078010146452899,-0.15535546787645674,0
0.1663678545136157,0.16556129804427158,0
0.14975159907690044,0.11521803887603098,0
-0.307027952600533,-0.13433551038107067,1
0.16641632645881846,0.1643548792720982,0
0.14646268782877106,0.11477348482118027,0
-0.2998119266208805,0.17887265575743413,1
-0.2806365136981301,0.2457016217947239,1
-0.30267799656099287,0.24077037623094877,1
0.09593052314065767,-0.16155624021490927,0
0.09002574779047964,-0.15367245909456206,0
-0.3191101833464412,0.17331634765461496,1
-0.30598257718336414,-0.13299041124339345,1
-0.3009813935036913,0.1778614106186559,1
-0.30601418425081744,-0.13617277979836315,1
-0.3083894071579005,-0.13485864164440015,1
0.14472040026287353,0.10063515312645822,0
0.0897812253534425,-0.15202131720131165,0
-0.3075441026546246,-0.13332343599937999,1
0.14650493657320068,0.1134117817833276,0
0.14968326210932786,0.11277218268146225,0
0.13674750257446308,0.17422459591788172,0
0.13698382712141785,0.17259447696429792,0
0.1504048331929534,0.11527871835449514,0
0.09214838873118385,-0.15397736739586668,0
0.09216255320889818,-0.15224063928956072,0
0.10271732650533352,-0.1742126091098817,0
0.1664391319773572,0.16533103653411982,0
0.09055703512814328,-0.15273423657832352,0
-0.3149213027565418,0.16897221697387171,1
0.0903045364907381,-0.15305699710166468,0
0.09418402909805919,-0.15857396749712116,0
0.09079235799081564,-0.15233893644900728,0
0.16652310276959797,0.16349627826433913,0
-0.3044363275947829,-0.13480546831832876,1
0.14706115080539245,0.11418311393382205,0
0.09229463337524198,-0.152499241410875,0
-0.30827126234505375,0.16290029399975664,1
0.16771259352687612,0.16514135258183385,0
0.11138568612240322,-0.18512467953398612,0
0.13532458705535225,0.1709649615311774,0
0.16612070441864224,0.16454652905021205,0
-0.30044912238053373,0.2375239324511116,1
0.09023875461274629,-0.15732670040337232,0
0.09158924443960031,-0.153071217616669,0
0.13702984022946865,0.1741551398639629,0
0.09102091532982348,-0.15263662249882146,0
0.09074374027947518,-0.1552284509334644,0
0.09111876874851627,-0.15468395612243366,0
0.1546894651360009,0.11065924984789444,0
0.09084662151754964,-0.15339147062593345,0
-0.3075907508252665,-0.13365277350245772,1
-0.3159570617683374,0.1644661200833252,1
0.14349944854388616,0.09990499094119082,0
0.09168198380437591,-0.15618150576756107,0
-0.30472691688921194,-0.13504403023022987,1
0.14297870702532617,0.11628558866787805,0
0.09233797240346552,-0.15897043972239774,0
0.09172508107783149,-0.15656320402166246,0
0.09162383934881818,-0.15344369285742832,0
0.14375846171095066,0.10039798028746064,0
-0.30455567104329634,-0.13381876600878134,1
0.0917165529911896,-0.15727361525842862,0
-0.30409546311666086,0.24421068931841353,1
-0.3071679486067218,-0.13594244708263334,1
0.09125980743792,-0.15362173127032777,0
0.09062697308630767,-0.1542017792415428,0
-0.30320413206474167,0.23901374712761606,1
0.09226926362435274,-0.1545495816375995,0
0.14383084050410902,0.11389820626046365,0
0.08996406693647828,-0.15760469347880182,0
0.091101551311802,-0.15392798433533525,0
0.17241091858906635,0.16731753067317082,0
0.13627989678589533,0.17237060029729223,0
0.13605228028930277,0.17321748397883543,0
-0.3046029012681638,-0.1349383881738603,1
0.1646998253965107,0.16215229171045642,0
0.09180104466982586,-0.15254428887685642,0
-0.27290604528091644,0.24141656425170763,1
-0.3038809019999905,0.24131434379717787,1
0.14386800817120515,0.10000833406396838,0
-0.3120792949185323,-0.14071094198028022,1
-0.30447023193695416,-0.1346688918787891,1
-0.30327393636932054,-0.1321062109828478,1
0.16311814773330158,0.1613547937686895,0
0.09314387424088237,-0.15689258731030173,0
0.13523886751643646,0.17230242832573808,0
-0.3066503908143547,-0.13525429527725888,1
0.16632392177099772,0.16402882002972236,0
0.14942081468064997,0.11255616116590692,0
-0.3056544007999414,-0.13343905348525656,1
-0.30443439841691167,-0.13483438475925782,1
0.09414436932291974,-0.15893695894065407,0
0.14886751089821407,0.11354677467111803,0
0.1655224072090205,0.16269358996430247,0
0.09234557990306437,-0.15254670353403868,0
0.09087095922025319,-0.15359699259599513,0
0.16614372234526203,0.16307517260805585,0
-0.3016638286228896,0.23907506801707634,1
0.13505709755044842,0.1731426487869623,0
-0.3049314271956248,0.2443532645743682,1
0.16664751946878725,0.16349246464535455,0
0.1673096597256049,0.165922550422046,0
0.09205128846709924,-0.15347299209000298,0
0.09210252550559979,-0.15828694680076774,0
-0.3069896993710815,-0.134685711736105,1
0.09105326014887999,-0.15479326292378162,0
0.09226624986040309,-0.15742092801824994,0
-0.3121337083647649,0.1639453607770132,1
-0.30755734766808224,-0.13445255706613385,1
0.09222700569655003,-0.15440296981392507,0
0.09103422666544767,-0.15463325268615424,0
0.1565578849795528,0.08256244301357313,0
0.09126413299564716,-0.15302863624220053,0
0.15055906257103951,0.11344761303685914,0
-0.3101077851284691,-0.13679246258485162,1
0.14923367204985727,0.11387461350898034,0
0.09117385411207635,-0.15265598369546218,0
0.0920559238833511,-0.15315890723878461,0
0.09218081643862455,-0.1521135365859044,0
0.1499591486094508,0.11390241372044581,0
0.09185989456916083,-0.15281811551791755,0
0.09144026777449782,-0.15347350878502347,0
0.16579840405803395,0.16351445840371676,0
0.1352197756456249,0.17126328469523194,0
-0.30537850335541256,0.24359461891723092,1
0.09129731845931106,-0.15307645901078065,0
-0.3065351389793974,-0.13437831108963028,1
0.09351838240590633,-0.1580755537977236,0
0.0935747146926865,-0.1587919365288764,0
0.08813371538576303,-0.1555425201338507,0
0.09087356311846238,-0.15441524832687217,0
-0.3184015545456252,0.17175152727245208,1
0.16615660591091758,0.1615487624455786,0
0.09168855098095098,-0.1527938016569013,0
0.14927008497700503,0.11627780045532224,0
-0.30432156426458457,-0.13453333312172236,1
0.13693643243899584,0.17547392762799555,0
-0.30014417917135033,0.1790458084103831,1
0.09291924882149331,-0.15989440252114864,0
0.09242798652326324,-0.15628148605346306,0
-0.30470118951354835,-0.13486465200951583,1
-0.30466114649880277,-0.13385583524520817,1
-0.3063659450869164,-0.13496162547460389,1
0.09131671376079349,-0.15257931550810153,0
0.0913020965914743,-0.1522113116395399,0
0.09145534438155398,-0.15327815596859937,0
-0.3061218159329703,-0.13620847730940058,1
0.13473369418477654,0.17275816553277734,0
0.0902582899964371,-0.15330312418697611,0
0.09037279486079755,-0.15568957431165192,0
0.08984567083872631,-0.154823081870971,0
0.13596650678432706,0.1733029835298144,0
0.0906201974249163,-0.15387127366066208,0
-0.30817116820868873,-0.1332975766122143,1
0.091317853279747,-0.15318614860026075,0
0.1667203679453126,0.1639492063370977,0
0.09233682701641595,-0.15507671722519112,0
-0.3141565479772179,-0.13850757190424146,1
0.09127752578982944,-0.1572910378029795,0
0.091741156117537,-0.1544220456920802,0
-0.32418208975497187,0.25823744890783806,1
0.09095944129949979,-0.1556801160389978,0
0.14945790820593202,0.11414741881065775,0
0.09161329566036168,-0.15398724315144482,0
0.09095908310959437,-0.15479877842337217,0
0.16419928182444463,0.16216679680020682,0
0.0946700584429429,-0.16658307130175892,0
0.09032151869474375,-0.157198211050935,0
0.14882694210177871,0.11567984298548528,0
0.14479169693505625,0.1107767602380272,0
-0.3055414498849899,0.24403838756946775,1
0.1627722535530698,0.16262277073000114,0
0.09206955253240207,-0.15634171944684544,0
0.09226144463676036,-0.15458767451401462,0
0.09147344174615103,-0.15300180845469832,0
0.16652654847779338,0.1655625459216077,0
0.1420705639826149,0.10070533464779545,0
0.14293904206690983,0.10031589498570964,0
0.09124772663405202,-0.15333685000484631,0
-0.30464398491311523,-0.13488313673024838,1
0.1366744642352838,0.17425289212664488,0
-0.3075479288908618,-0.13623900119940605,1
-0.3056222064653862,-0.13436167730017448,1
0.1662180549190269,0.16318745011947178,0
0.10625682084233803,-0.18630451082243243,0
0.09076148462380906,-0.157630242319933,0
0.09199239502516882,-0.1534760785527432,0
0.09152917134137993,-0.15324939228952372,0
0.09111452540660452,-0.1531120786787645,0
0.09207497835655615,-0.1543682583839087,0
0.16540539691018494,0.16248836706544342,0
0.17022157085063983,0.1675551751573725,0
-0.3046756667559494,-0.13352685749799437,1
0.09091717079326744,-0.15499566657102767,0
-0.3043909295886979,0.24278459081482098,1
-0.3048942857602061,0.24486484312806797,1
0.13597895827186954,0.17346737088435482,0
0.16682808024451726,0.16554842730930178,0
0.08953025230968717,-0.15640004144717484,0
0.14458596452137346,0.10226907065045938,0
0.1673557123169477,0.166048307011652,0
0.09234324685702056,-0.16304018857906707,0
0.13631481876165233,0.11028670246108546,0
0.14477283601227903,0.102451080474689,0
0.15067125775712,0.1140915011162012,0
0.13526403628922576,0.17235134183621897,0
0.13357267433783312,0.11076157656930968,0
0.09308404567831893,-0.1568466477457623,0
0.14957148043097399,0.11343257986931149,0
0.09137858973412637,-0.15435635492631825,0
0.09192847794700944,-0.15489350744252783,0
0.09157251434165517,-0.15397732427852018,0
0.09363702645334994,-0.1573026545713708,0
0.0904645607154436,-0.15393265344542445,0
-0.3076499244132484,-0.13472304886158026,1
-0.3073668342162973,-0.13489027617224247,1
0.09323581196079841,-0.1581045345745388,0
-0.3225255658249614,0.17230587054929875,1
-0.3150035357380522,0.1708667848002818,1
0.09499038270171196,-0.16203994315147083,0
-0.30741524053531394,-0.1361339613044074,1
0.09178490521060431,-0.15172719732055848,0
0.09042298815351449,-0.1537936311940705,0
0.16748559263418425,0.1653132984166681,0
0.09221702356497641,-0.15410665797423362,0
-0.3058191691633537,-0.1349387434537944,1
0.09167010467664563,-0.15442387252722015,0
0.13721170539513036,0.17585454989537797,0
0.16619782683773213,0.1631666805153479,0
0.14405825416102516,0.11550846058789625,0
0.1659324999683753,0.16386664536949752,0
-0.3053975271966793,-0.13673257805929495,1
0.09266933522280839,-0.16615992156399878,0
-0.302210008057959,0.24015696205758177,1
-0.3045306908136973,-0.13319501222680633,1
0.14913710830955723,0.11564664194500025,0
-0.3045176671702331,0.2394946019731825,1
0.13607774445631243,0.17179233762645496,0
-0.30407173295197026,-0.13386545739539044,1
-0.306484244623872,0.24281327766156774,1
0.09143376481212946,-0.15318026887935238,0
0.13524264859248866,0.17082943252630534,0
-0.30599988976412984,-0.13560592918987135,1
-0.3235625037880584,0.17412784664603825,1
0.1328063072539349,0.17061887188954997,0
0.13513900567793585,0.17336335655517232,0
-0.30465563145189917,0.2441381161916121,1
0.09195566771294555,-0.15711640408681657,0
-0.2990994007972117,0.1799321191675548,1
0.09110724347314451,-0.15459066817821654,0
0.0914172992925521,-0.1543023939940027,0
0.09082345786914706,-0.15355924872943003,0
0.14441688815613277,0.10083544728274435,0
0.09025083680288169,-0.153895397832406,0
0.1663842683352635,0.1639365617746659,0
0.14876282550222428,0.11293824070443724,0
-0.3051266081149067,-0.13464268139699365,1
0.09164426749122931,-0.15315144447112597,0
-0.2980516815847365,0.18073671044344344,1
0.09187931784662857,-0.15516802762841148,0
0.16704835601275975,0.16316597625862236,0
0.13601210410227263,0.11088755313531756,0
0.1666240165695901,0.16294091868803637,0
-0.3058674603932376,-0.13441462456859093,1
0.13897041683960515,0.1766818692137913,0
0.09326529940793778,-0.1581799474848585,0
-0.3031812324755068,0.17643379452688107,1
-0.30693343890836966,-0.1385114585418928,1
-0.27044468746819944,0.2391001487548307,1
0.1470921531414923,0.11324319844964546,0
-0.30563586742882803,-0.13465096266031193,1
-0.2722770000771566,0.24053742604968267,1
-0.2964713955949319,0.18140657818204448,1
0.09152612033258414,-0.15542215707425436,0
-0.30451783750103656,0.24458308156635478,1
0.13593371719716382,0.17397436162318108,0
-0.30507940879448425,-0.13444646127928142,1
0.13515205897110472,0.17249799824993448,0
-0.27938072059963126,0.24368992198485087,1
0.16572521773835044,0.16585505578044757,0
-0.27495852530607956,0.24152295121302908,1
-0.30848673050221465,-0.1370876857104461,1
0.0929514947056095,-0.15474851309381166,0
0.09129032499583412,-0.15472509519657704,0
0.14487818844724418,0.10116363239103669,0
-0.30911837087844823,-0.13430888591636558,1
-0.2747036200800758,0.24296788305987269,1
-0.3048311715409805,-0.13355588492142217,1
0.09217300267425028,-0.15427711163382302,0
0.16535393212990085,0.16824944054297564,0
-0.31597625049444283,0.17195407253664724,1
0.09328841572923657,-0.1563896334850845,0
0.09256010302160646,-0.15644421060693484,0
0.14471309386438636,0.11321893935099135,0
0.14960581135057247,0.11586573610624867,0
0.09011484519270227,-0.15658301750763742,0
0.13686947987324022,0.17237969978767373,0
-0.30145163353480914,0.23980234038923579,1
-0.3077879558159358,-0.13489135506491506,1
0.133888710480021,0.17155381743696368,0
0.09154564500116179,-0.15573661246733547,0
0.09068888809229741,-0.1528403754618876,0
0.09308032961282195,-0.15765616933484058,0
-0.30510237300574705,-0.13382408942330692,1
0.09040956954564715,-0.152531033309586,0
0.13516520757150552,0.17329730380705044,0
-0.3020979891923022,0.23978346987149798,1
-0.30268882467478897,0.24282506044473576,1
0.13586039946220618,0.1732081059228841,0
0.09113200941022444,-0.15242918952900417,0
0.16423302842254328,0.16606052788569944,0
-0.3050432811117216,-0.1352975620502435,1
0.09390330712707269,-0.1586748605987034,0
0.16652958321466269,0.16470263631004867,0
0.13512182849782617,0.17554594668251744,0
0.09372395642347123,-0.1639878339241361,0
0.1656003683830888,0.16260394781534718,0
0.14976806301201212,0.11447116463466571,0
-0.30012271872070945,0.17956390100535546,1
0.13635474379001516,0.11132513833022524,0
0.13594546510325412,0.17334362184769736,0
0.16563092236026541,0.16436869416773328,0
0.16551102240872295,0.16260425313457127,0
0.09174138131488778,-0.157496330695921,0
-0.30685931882157164,-0.13715583920100619,1
0.13514204357006634,0.17282666349279216,0
0.09191189991169921,-0.15296512828730077,0
-0.30052426612881356,0.23895439733249607,1
0.09142983005292045,-0.15411044803752164,0
0.09079259450549065,-0.15804666141407772,0
0.1667546502411008,0.16386992940974743,0
0.14982802264320744,0.11533057504345018,0
0.1356089932681442,0.17484861935376858,0
0.09172425538098673,-0.15411216283222778,0
-0.30363914955925414,-0.13503527821115344,1
0.0916528708721856,-0.15356225457486009,0
-0.2992511918087931,0.1796452201824763,1
0.09104511745887738,-0.15231378397796264,0
0.13453213406056738,0.17307475330988842,0
0.13409275048210065,0.17105915914019781,0
0.13473293230922812,0.17380645406807113,0
-0.3058429530550384,-0.13547020903631532,1
0.09407429876895569,-0.15739148853535015,0
-0.30765076677787667,-0.13552463606563867,1
0.0929430995914746,-0.15749165869415205,0
-0.3073229689134512,0.24537858777306285,1
0.144521837844496,0.10087779306666429,0
0.14140211558095844,0.11238898812271124,0
0.09180196354005919,-0.15355315496401162,0
0.09220680154361315,-0.15595086864032462,0
0.1649969303701286,0.16419692512778067,0
0.0919410202932421,-0.1536748908170018,0
0.09185220324871043,-0.15384304215701508,0
0.09193340092310584,-0.1526786026636715,0
0.09336171775228753,-0.160595463669735,0
0.09128435276422857,-0.15232897136374002,0
0.0918017109723289,-0.1555005798666901,0
0.09199632401407491,-0.15330329451192273,0
0.1658428106504147,0.162620420152641,0
0.16640329667586892,0.16349115612277348,0
-0.30599264512685226,-0.1349778316823345,1
0.13715209848062004,0.1734161112536185,0
0.14364870610454902,0.1138221491285407,0
0.16577378485414546,0.16259868577728126,0
-0.31639401762417696,0.17129717462741664,1
0.1639572602781518,0.16134970584118954,0
0.13556044366956352,0.171824997577796,0
0.09231369509351108,-0.15743547712578077,0
0.1666726157882807,0.1650461252420636,0
0.09133305474181935,-0.15341165089121764,0
0.16626112829535666,0.16360312455292794,0
0.16509083505928013,0.16260737664751654,0
0.1507789674425301,0.11669666492682064,0
0.09148927191419162,-0.1560356489081342,0
0.09276997075825372,-0.15569105874504005,0
0.13520919044726604,0.1111565862441537,0
0.16460489557265626,0.16067081282244675,0
0.16664014129382956,0.1656721258830491,0
0.13383342098905152,0.17355966165628148,0
-0.29839914444182825,0.1802138942985595,1
-0.30755385629327686,-0.13384962896790933,1
-0.305051645266937,0.2446501792939215,1
0.14930414236282066,0.11322516643027201,0
0.14919640633951756,0.1136838737124748,0
0.14331283909222203,0.11582244970710939,0
0.09207864062251686,-0.15802660678654334,0
0.09051025092643938,-0.1525005099232484,0
-0.3163353598872662,0.1708745108285456,1
0.09125819562688375,-0.15477197474109694,0
-0.3158206648614325,-0.1407043787321208,1
-0.3060167977747802,-0.1357362423072408,1
0.09121349834053394,-0.15344583100433518,0
-0.3063097534647889,-0.13484353996615386,1
0.09196885420298613,-0.15623522535885273,0
0.09276018530289684,-0.15837443257330455,0
-0.3074585500188429,0.24544237918409495,1
0.16570341573235461,0.16495314026627592,0
-0.30038050093394886,0.1797977884222521,1
0.1663160780987311,0.16583821838389534,0
0.09167042952260124,-0.15336342812021359,0
-0.3157088196749046,0.1703737840430039,1
0.0901884214149251,-0.15623618823074892,0
0.09165762618621313,-0.15269180179453823,0
-0.306946740688751,-0.13462310052640955,1
0.0910684559000057,-0.15352175323267073,0
-0.30167770267458566,0.23677296865722,1
0.14886230114965665,0.116184901385023,0
0.1357669490868641,0.17039303004859158,0
0.16639978775712935,0.16403024029854338,0
0.16634335930381008,0.16626565957611775,0
-0.31895001026914294,0.17123399591315214,1
0.09195599786437993,-0.15204577809168718,0
-0.3032437860205433,0.17688255469478223,1
-0.3097448278458255,-0.1366558922072788,1
0.1660695384719793,0.16393362899627387,0
0.13595656519533086,0.1703735369174588,0
0.0916910255045154,-0.154920403987233,0
-0.3102210529261408,0.1641496981362034,1
-0.30486012128310175,-0.1340030423298168,1
0.09173557526754642,-0.15376955842593357,0
0.14417758006732118,0.11505705688927274,0
-0.3064598668109798,-0.1376147244104042,1
0.09045662069034034,-0.1584171371339889,0
-0.3000869480625085,0.23686644030575726,1
0.09182733111783402,-0.15624842277124268,0
0.16653944624185155,0.16426332259500187,0
-0.3093801509101295,0.16259927878620783,1
0.09044056240761084,-0.15568347463450047,0
0.09084980119040674,-0.15505881587831266,0
0.16628106676444152,0.1645451523438701,0
0.09112831120172353,-0.15385116517737518,0
0.09176815867277564,-0.15405171429149636,0
-0.3157286129865334,0.17182510509917578,1
0.13588742356437802,0.1731189416903984,0
-0.30611980572834474,-0.1346621412086145,1
0.08978008300786453,-0.15383148304315525,0
-0.305491272875189,-0.1342931653543257,1
-0.30459029334496635,0.24271200322527509,1
-0.31475768552210615,-0.14483278863668458,1
-0.30671326054428527,-0.13561429397129426,1
0.09625474366002716,-0.1616405619097105,0
-0.30229587986732753,0.23749389036147256,1
0.15034977997795512,0.11606614161487475,0
0.09171497076530796,-0.15444231585584323,0
0.1664654248502805,0.1633630660000218,0
0.16393442684642567,0.16228970071998322,0
0.16592559159049095,0.16290793464451964,0
0.16603463773512825,0.16480568995997763,0
0.13515023080673674,0.1716788336953587,0
-0.3357606694662189,-0.1592973485996942,1
0.141581614017388,0.17793403626289392,0
0.09164271022998753,-0.15292489856367247,0
0.1488873696464511,0.11273530915639533,0
0.09131694122685101,-0.15580747179013352,0
0.09125597518852105,-0.15425634129454632,0
0.09076663298081936,-0.15271274214782865,0
0.13638980273207507,0.17452243367467107,0
-0.3164172043025163,-0.14415876186765844,1
-0.3054638388499026,0.24452938194705764,1
0.14991646570598172,0.11453291369294857,0
-0.30421708501979566,0.17531339578075955,1
0.1443512284130371,0.1153890501405044,0
0.09207517886320005,-0.15539041620339947,0
-0.30474538623878306,-0.13296568676063314,1
0.09178205047320843,-0.15380602834113768,0
0.09235793529851179,-0.15375071650706384,0
0.1653406967010325,0.16056416059114179,0
0.09256831152615545,-0.15589776698297764,0
0.16427875424530483,0.1602621314416292,0
0.1661559612278401,0.1632137248871095,0
0.09184818764647895,-0.15602116766904453,0
-0.32086377550077144,-0.14581315748438048,1
0.1353366778081749,0.11161475112268712,0
0.09121772177505275,-0.15387135474694863,0
0.16547609710889039,0.16335577739057935,0
0.09855049236509501,-0.16712079668225358,0
-0.30999159295473244,-0.1369419511220663,1
0.09063704217864023,-0.15597875989557367,0
-0.30653433653270445,-0.13515246955014262,1
0.09114150743204841,-0.15157390780184316,0
0.1672839855689657,0.16515705137488454,0
0.14990224564710183,0.11488950443120186,0
0.09017453584397853,-0.15601668464934007,0
-0.26908240668781996,0.23683007830748096,1
-0.3023872328405352,0.17666727950355013,1
0.16568503488632402,0.16243881133675228,0
0.14388144346729942,0.10015028138051134,0
0.09211400035273079,-0.15392626933066297,0
0.09084955089990362,-0.15743280922713143,0
0.09087481366504858,-0.1532673540008843,0
0.09226909660259765,-0.15454572598644364,0
0.09150377066094033,-0.15490489820592993,0
0.17423621079017274,0.1692337318142881,0
0.09017201289564299,-0.1545606827793725,0
0.09144475088835585,-0.15351150695558471,0
0.0923232970976002,-0.15300729207602468,0
0.09147108714912533,-0.15309790680717994,0
0.13589271416270735,0.172404827246913,0
0.16615830592956798,0.16556440634790823,0
0.09166598015261185,-0.15234412949995738,0
0.1363484648889679,0.17259347964114624,0
-0.3006366764322462,0.2387698277213236,1
-0.30390772500066365,-0.13385536832845565,1
-0.30370510899873027,0.17847330574526987,1
0.0908975050269198,-0.1516723659026902,0
0.16673191583010832,0.1651588749676788,0
0.0904743370682353,-0.15433997527635726,0
-0.3010332393077602,0.23652828634435874,1
0.09091000582014912,-0.15431599252953926,0
0.14941095577411048,0.11503685899667933,0
0.09085937027023414,-0.1569949242117622,0
0.09083608370262103,-0.1551246240946197,0
0.16806564159148274,0.16688091907816313,0
0.091827695835399,-0.15258041293165103,0
-0.30251462543814384,0.177857056207418,1
0.13731637457415383,0.17469743767592527,0
0.09104877316534693,-0.1536749487633968,0
0.14631009140604942,0.11324645123096269,0
0.09087429495130754,-0.15204518593470334,0
0.0927942545718656,-0.15880465983403855,0
-0.3170413740754105,-0.14080797417661883,1
0.16750819337782402,0.16663687897057308,0
-0.3063905917282017,-0.13580084406093926,1
-0.3050225431817988,-0.13491188241123753,1
0.09131563764096286,-0.15486187032535967,0
0.13520063904835922,0.17390250777109018,0
0.09180193558088792,-0.15447291652805464,0
-0.31531037370565035,0.1728240424485436,1
0.0909024637922494,-0.1534436239232859,0
-0.3046434008467969,-0.13503948162009596,1
0.14522107309197543,0.11505433849997165,0
0.09129675696217461,-0.15223666194562407,0
-0.271223085945818,0.23922723894452572,1
-0.3067231073726281,-0.1332287433402288,1
0.16566072297055867,0.16291269173119702,0
-0.3013191304796957,0.24081268494107305,1
-0.3036303856871169,-0.13420791485958586,1
0.14811167142785667,0.11183394834977237,0
-0.30878148655772053,0.1619527916457851,1
0.09143652797366834,-0.1540361712260222,0
0.09155917414004844,-0.15541637976492945,0
0.137225844835124,0.1738359138183547,0
-0.30602865295006226,-0.13536833627220393,1
0.0910330927707009,-0.15607438962687867,0
-0.31196050256744573,0.16445588254216978,1
-0.3041742732183052,-0.13452018193605303,1
0.09190156641873931,-0.1535263066010968,0
0.09174255798105814,-0.15479358908667862,0
-0.3053067192286285,-0.13360182912017443,1
0.16733493744963432,0.16601870208759967,0
-0.30311619224208325,0.2415225464208382,1
0.1358519521682913,0.17247292738818368,0
0.09078720524464133,-0.15201496583591437,0
0.09212109562495599,-0.15272080224126444,0
-0.30455390949705563,-0.13324503391813022,1
0.13465486542812383,0.17142447970565167,0
0.16603437538734714,0.161170872718733,0
0.13604819406561341,0.174306310291894,0
0.0992624077887806,-0.16709900042475123,0
0.09222230380326428,-0.15721623291420775,0
0.09086113366835331,-0.15173607856960802,0
0.0919477781220729,-0.15684538367142245,0
0.09086776200478953,-0.15482076356747637,0
-0.30684039156653614,-0.13669552693567705,1
-0.30436767183499813,-0.13373279427971996,1
0.16622902936503392,0.1640336947600835,0
0.0901516065231572,-0.15356080507501177,0
-0.3052633510876269,0.2447140592197213,1
0.1636640265005986,0.16126060642527987,0
0.0917898439417062,-0.15570487124437962,0
-0.30451195363576233,-0.1341193753665247,1
0.09151379930906225,-0.1527317961698112,0
-0.3050816913372001,-0.13543786326356014,1
0.14403827712140763,0.11377521713412007,0
-0.306470393224454,-0.1338558018187923,1
0.09131044742513446,-0.1524913231329825,0
0.13662334767992695,0.17124677766823412,0
0.14467962050621924,0.11480724228430209,0
-0.3061802397343819,-0.1342021047653675,1
0.09145591784719467,-0.15480321026298827,0
0.09054760851643913,-0.1537629258484226,0
0.09060648696734248,-0.153321487165967,0
0.1496435312553034,0.11713947237687106,0
0.1366259549719607,0.17417958067983783,0
-0.3062845543962364,-0.1344687651497936,1
0.09017553354006513,-0.1538951069626031,0
0.13431937644203115,0.11055348501278515,0
0.14924048800497416,0.11574250451934842,0
-0.2975226401646594,0.18025375040405847,1
-0.30571124904972574,0.2454757350381858,1
0.14716643718742858,0.11229206524386963,0
0.09395438621859076,-0.15955881112722006,0
0.13484367231179267,0.10850288073754755,0
0.1361155389699229,0.17280706684568412,0
-0.3083170308645054,-0.13630122743312872,1
-0.2960108062381682,0.25300586504994066,1
0.14250046700675426,0.11446703319850914,0
0.09176492802080935,-0.15264752298387674,0
0.09125306149562265,-0.16026629739038173,0
0.09071277983742343,-0.15531094647008775,0
-0.2710911945972575,0.23927703329029248,1
0.1660652049615037,0.16547907106400944,0
0.09158833551548053,-0.1546191151526226,0
0.16540441066096773,0.1629653764214066,0
0.09159628105827611,-0.15196407832677122,0
0.16730259107544226,0.16481041823318726,0
0.09059783557307882,-0.15372144804840834,0
0.09351159629468526,-0.15839559292643676,0
0.1376397793151832,0.17537249514665418,0
0.16740616874349631,0.16446034746365795,0
0.16732172891871497,0.1662112843958314,0
0.08976747188635792,-0.15416011454361062,0
-0.31636405010585295,0.17129460090966425,1
0.16622461955431853,0.16530060250265902,0
-0.274252742723019,0.24309198183948186,1
0.1441145623892683,0.11519055326002804,0
-0.3039955710346662,0.24325847544830667,1
0.13963404000405644,0.11098124515365698,0
-0.306765556205707,-0.13536179156804237,1
0.09039705582857226,-0.15194686016453637,0
-0.2967978654352038,0.17902756343151205,1
0.14864793706855894,0.11463266380556122,0
-0.3006489127397541,0.24122912576989683,1
0.09014438714265467,-0.15077729065369452,0
0.0913609012956107,-0.15306369655356616,0
-0.3077562055435384,-0.13851633724709972,1
0.09130687284702223,-0.15517626229440487,0
0.09201663275541,-0.15446000157857306,0
0.13556728238852847,0.17368914465981347,0
-0.31081900539731777,-0.1361084980091458,1
0.09107905245082619,-0.15259850684032758,0
-0.2974232699560889,0.18057771354294655,1
0.09033496953647563,-0.15333313663450884,0
-0.307734192781129,-0.13495482212834056,1
0.09199203191055215,-0.15609365169651612,0
0.09111351392349455,-0.15343956249176988,0
-0.3026185379648368,0.1787795950313612,1
-0.3065043859697229,-0.13573107666748896,1
0.16304050420119076,0.16208628328598088,0
-0.298152191856102,0.18015892384187487,1
0.16718788227102993,0.16439227746976476,0
-0.3082553401167672,-0.13888547990721603,1
0.14194409777009753,0.17794661252579774,0
0.09222055324977244,-0.15570182376253677,0
0.1659287990413407,0.16281705431864668,0
-0.30633225914308065,-0.13569786479457416,1
0.14899971849858876,0.11522612691785558,0
0.09073979764333862,-0.1548060491610052,0
0.14454464027143507,0.10121075573800464,0
-0.3044130879766375,-0.13357545381166586,1
0.16053116878649384,0.10922916434323326,0
-0.3083637849430674,-0.13528755966482436,1
-0.31396179471518476,-0.13994116973768453,1
-0.30937008770690866,0.16303832238594243,1
-0.30627539105630464,-0.13502300280971544,1
0.09090106872440223,-0.15479556063228986,0
0.09081373132146772,-0.1533590119534777,0
0.13628008048736445,0.17246572597169862,0
0.09388273525001593,-0.15778629433009336,0
0.1352828642929232,0.1747832422408563,0
0.13580159480922394,0.1713635356667953,0
0.167669973701919,0.1661288243431968,0
0.09079772631150507,-0.15405916567156708,0
-0.30720206102231157,-0.13619655224924374,1
0.14612172942194707,0.11309817519848944,0
0.13563571841908986,0.17362591068986083,0
0.13437451879345025,0.1733199073573453,0
0.1355873616778827,0.17214005981229483,0
0.14695267671813445,0.1109685291494697,0
0.09164590884671454,-0.15265325984906566,0
0.09304389670012633,-0.15767910537398847,0
-0.30587533066993267,-0.1356028441249962,1
0.09202765308309635,-0.15305079959401513,0
-0.32012497665767886,-0.14508497437775067,1
-0.3210797660357912,0.18011418630167464,1
0.16526765973630492,0.16322129962846726,0
0.16707496475981415,0.16428710796710122,0
0.1435671966860677,0.10076282053428275,0
-0.3057434878167555,-0.13569423428509145,1
-0.32538583174915076,0.17529871754580353,1
0.09053764337969178,-0.15352572163460113,0
-0.38208463674885573,-0.208570640316682,1
0.09201208509080623,-0.15388954459512114,0
0.09131052835478806,-0.15381821334747636,0
-0.30665889805724594,-0.13661485686925046,1
0.0907453215965111,-0.15416871266393797,0
0.13583282298118365,0.17425403904885467,0
0.09840284631492936,-0.16965900495278213,0
0.09125095900129869,-0.1538459240985799,0
0.13572060487814744,0.1727520783868559,0
0.09183057275545084,-0.1531790190186573,0
0.09125380431275092,-0.15502437543397968,0
0.16603826470982505,0.16278819549696008,0
0.09126844859251633,-0.15310159026688888,0
-0.30542572866942125,-0.14072338546112254,1
0.16507200009970976,0.16114725835981977,0
0.09237877202607597,-0.15271627957605274,0
0.09073911399867944,-0.15488222741489513,0
0.0910103540835145,-0.15326581496889785,0
0.13644934583595722,0.17412959692878774,0
-0.3173694922366257,0.17167275745565955,1
0.14905721535905728,0.1138021195508164,0
0.09033289215288344,-0.151225287724662,0
-0.3110530189267336,-0.1382940490087446,1
-0.29780713929412117,0.18065661173981074,1
0.14392203455859734,0.10160628177424413,0
-0.30704470098059466,-0.1352278843409154,1
-0.3058290228040067,0.24557626264400836,1
-0.3039923411420859,0.24082879770548427,1
0.09151465367581192,-0.15374061566881952,0
0.09158005663277859,-0.15228466778078065,0
-0.3021856409668905,0.23997348667043222,1
0.0915730679169225,-0.15740585513900743,0
-0.30552629394074515,-0.1347990878070814,1
0.14273104060909458,0.11557763930350794,0
0.0918800180729476,-0.15504826768274524,0
-0.30222207332406575,0.2384294236261369,1
-0.3026847737529785,0.23832407514002937,1
0.14634370823629783,0.11349237091339709,0
0.09190242602560954,-0.15386459984032605,0
-0.3066235388086847,-0.13469569198995474,1
0.09204158387141428,-0.15383498940715232,0
0.14968850128889116,0.11537187102031503,0
0.1359014778563197,0.1738109570762991,0
0.09126222196206399,-0.15474096674750262,0
0.09154357550997769,-0.1548847509016379,0
0.13552651134108343,0.1676494273503718,0
-0.3030514431422343,-0.1366598664283183,1
0.16698940040944987,0.16529720347730162,0
0.09188203945808686,-0.1567327461161717,0
0.13572189805298987,0.17241622504103107,0
0.15118512561356945,0.11630582393541884,0
0.13614649284979302,0.17303685411665565,0
-0.30429123534583746,-0.1352802740313603,1
0.1669402325391344,0.1653678381509495,0
0.08824676381665113,-0.1541461523838207,0
-0.31001131918249947,0.16379998143024524,1
0.16655261346342384,0.16349104061536274,0
0.16534611852045106,0.16451653503306313,0
-0.30585126182157446,-0.13532643594693586,1
0.14531239782877883,0.113515791903511,0
0.09129470226144151,-0.15519454957229048,0
0.16678281290795738,0.16340455375002552,0
0.13436239657997318,0.17173347696154947,0
0.09352102297479817,-0.16186951930869553,0
0.09168054573525465,-0.15478172664895437,0
-0.30636890673418216,-0.13640235916584054,1
0.09199557056542293,-0.15433943557413443,0
0.14914944844124253,0.08139036511376536,0
0.14699285567966416,0.11021321384197372,0
0.0902588767494828,-0.15138453323845824,0
-0.3174565445162765,0.1712832502914995,1
-0.30393295700345024,0.1752328294995804,1
0.16653733762108228,0.1628580437971585,0
-0.3039174033753608,-0.13177172781905055,1
-0.30569698879373725,-0.13530049813206782,1
-0.29819674546772207,0.1814010888679851,1
0.09198086038829772,-0.15359513410118864,0
-0.3078326550097536,-0.13621962126207485,1
-0.30459696879768494,-0.13429623366519217,1
-0.30645978607044133,-0.13598662289397206,1
0.13566433277991477,0.17345760713956646,0
-0.31155502834771165,-0.14041312555392002,1
-0.31216713524683687,0.24463042885899902,1
0.16623739543989743,0.16159966319954347,0
-0.30343478167543925,0.24187398899942097,1
0.0915930108120822,-0.15332431429375537,0
0.14854203800303656,0.11527134732034378,0
0.16545939907409332,0.1629873554769781,0
-0.3022283932707376,0.23879901345142596,1
0.14560298213472153,0.11385626406101154,0
0.09173890420638994,-0.15276352209971517,0
0.09226715729229949,-0.1550114719756914,0
0.0929702816902814,-0.15670173055916,0
-0.31212641649635514,-0.13559656303376827,1
0.09206666872465584,-0.1546333244033183,0
0.09175252492112737,-0.15437081997074162,0
-0.3027258842742935,0.24073465811856803,1
0.09137610339817018,-0.15263674984525855,0
-0.3057606195390916,-0.13483934476704623,1
-0.3045939492694668,-0.13390849856516365,1
0.09093713595834178,-0.1541624394505354,0
-0.31624287561475234,0.17098177929511407,1
0.09123941117172796,-0.15221442721138956,0
0.16560925544203944,0.08240297607365706,0
0.13673594921016646,0.17312913527530677,0
0.1664391425045918,0.1662622630794986,0
0.09162560850928411,-0.15313746584218008,0
0.09144244106759437,-0.1544523406687954,0
-0.3062406364209217,-0.13658326324736716,1
-0.3131551503126999,-0.13978476126491876,1
0.09191428500344956,-0.15584140999471113,0
0.0903974895161938,-0.15129947546639225,0
-0.31560606644185996,0.17085610581553018,1
0.09210294150592166,-0.15392373874772927,0
0.14964233252597942,0.11515545669693676,0
0.09110461752074175,-0.15494556538984605,0
0.09181275969186392,-0.15355285164458973,0
0.16390130773524333,0.162005650353444,0
0.1343859533556949,0.10796312740109977,0
-0.30944296193527404,-0.13541912299327072,1
0.16593441036781886,0.16269732315873497,0
0.13523565899964243,0.17365404847644006,0
0.09122267822064697,-0.1542324350256407,0
0.13459890357560825,0.17171845307752265,0
0.13687721427575406,0.1743757684429164,0
0.14818341218155126,0.11394437902934167,0
-0.30583829760550363,-0.13327224336676985,1
0.13585748768663544,0.17353688870315895,0
0.13628740892678406,0.17511832337889868,0
0.15018568593319093,0.1159249209111378,0
0.09066983993890713,-0.15243642826065767,0
0.0901309148127007,-0.1554032145469436,0
0.16764009492893026,0.16499330699331666,0
0.16283327165445313,0.1630225327849555,0
0.169013676487245,0.16587814040439972,0
-0.30708147345850445,-0.1373630249965361,1
0.09267053278166752,-0.15662010206137636,0
0.14372267466902472,0.1136221926968213,0
0.13507684111752508,0.17279189863204758,0
0.09255868976711121,-0.15622665810467867,0
0.13527743906879064,0.17409264764712978,0
0.09138265888158668,-0.15429252944855573,0
0.16413950186867035,0.1616313362888716,0
-0.3345315259470312,0.18440586238000228,1
0.09140494886006902,-0.1541433935724609,0
0.13338618448689668,0.16960318844719519,0
-0.31773865247047145,0.17124997044583884,1
0.09175021004805389,-0.1530346094265235,0
0.143669489502557,0.10126466838139343,0
-0.30604439952299517,-0.13541576842322273,1
-0.31067206205806996,0.14992226503887895,1
0.13463957211564886,0.17208044081852372,0
0.14685824849807833,0.11545623031014157,0
0.09502234400990024,-0.16168889992836818,0
0.0922862327343413,-0.15342083262510703,0
0.14959747303017354,0.11513883256924985,0
-0.3006034417714431,0.23792211597607985,1
0.09185591836306331,-0.1526906699166651,0
-0.2985399554610519,0.17877894538171005,1
0.09145907850581217,-0.1533043083612504,0
0.08848488408626767,-0.15461555040435565,0
-0.304631804870121,-0.13352983962693535,1
0.14283387896424204,0.09968495804121404,0
-0.30333840437733056,0.17527579785737368,1
0.09127169368969565,-0.154776243121954,0
0.09111773229943916,-0.1540690986577527,0
-0.30647188492067695,-0.1352869603293332,1
0.09648636724646757,-0.16808055772602168,0
0.1359305688949575,0.1729371525567622,0
0.09122859264913497,-0.15253012634767504,0
0.16445118372339843,0.1619539419896122,0
-0.30589482893005204,-0.13569854962714933,1
0.16553396900970657,0.1646419529216399,0
0.09113484816947477,-0.15254605693553708,0
0.16582347968810143,0.16361985650639954,0
0.15947729454982443,0.08476790471984756,0
0.13634444058718379,0.1729890022813954,0
0.1661585233901051,0.1670032432797578,0
0.09150837101039674,-0.1527100295006481,0
-0.27254220465773904,0.23984429852703865,1
-0.30578614167987495,-0.13584198425621746,1
-0.2751377736135487,0.241573879376544,1
0.09087555434577804,-0.15408898551934533,0
0.16633112900494196,0.16528635657961085,0
0.14542377953512634,0.11255720779684152,0
0.09232542790673148,-0.15747302381512904,0
0.09303632248086094,-0.1582838643820829,0
0.145245660058573,0.11392941144262737,0
0.1344163847003998,0.17232574626874964,0
-0.3061503451069448,-0.13412692808539925,1
-0.30428747592529315,-0.13323067192988755,1
0.09268032834046097,-0.1561206510155489,0
0.1353527504591247,0.17307703314391418,0
-0.2716938716673323,0.23904845275167327,1
0.0922253709981882,-0.16270116769749676,0
0.16766684335749052,0.1689000019286083,0
0.09134499662937255,-0.1555121159955089,0
0.09118501634451598,-0.15684598764310173,0
0.1344700357270194,0.17543147644829804,0
0.0921113173886676,-0.15515734264531747,0
-0.3073932568031219,-0.1355004719966708,1
-0.3049871010748102,-0.1330219550701319,1
0.13621656138454474,0.17410617716530832,0
0.14776902447636356,0.11228307432277398,0
-0.30634205707480894,-0.13471757520363875,1
0.14959425977737864,0.1162672339047813,0
0.09248464574022063,-0.15475816398526243,0
0.14357625864257265,0.09983057288977443,0
0.09113147328801495,-0.15674191865712936,0
-0.30636227073399364,-0.13621495839305953,1
0.16596892382088957,0.16509534982143506,0
0.16581545389310773,0.1640614470462436,0
-0.30357133809795234,0.17749794636921934,1
0.14912562635483,0.11478046253768477,0
0.09253902058020097,-0.15263057177993208,0
-0.304847174248502,0.24429464987952715,1
-0.31074811575730954,0.16336654025241068,1
-0.3085738863662983,-0.13427107065057445,1
0.1470919861885005,0.11150206203112939,0
0.09061867139626778,-0.1538856894563745,0
-0.3109021491445,0.1636591731332448,1
0.13534248819693084,0.1732371100234277,0
0.14254787846511613,0.11330715638740589,0
0.09342500574431686,-0.15844310051833704,0
0.16556648655040232,0.16163267917909047,0
0.14480771735658202,0.11049408666565515,0
0.14904696368598014,0.11404819692912521,0
-0.3052672098792688,-0.13449529895944404,1
-0.30637700946309526,-0.13530138167336678,1
-0.30611996116449863,-0.13439363761320766,1
-0.3062583233075419,0.24477938349995573,1
0.0916908192175706,-0.15308571424112435,0
0.14649949431844492,0.11541291297578425,0
0.13442906872010887,0.17244426569060578,0
0.09289503155853579,-0.15689045305744168,0
-0.3062523158353014,-0.13507230032999973,1
-0.30309105263639685,0.1754351246564411,1
-0.31793401317789394,0.17943980191049336,1
0.14590805676405474,0.11338012494232964,0
0.1340956933346945,0.17349560560891522,0
0.0915803952629121,-0.15493727218124462,0
0.09126626167964642,-0.15116954546571118,0
0.09114614260823513,-0.15575162824294586,0
0.09109259743389249,-0.1540508863013787,0
-0.3058085309227941,-0.13369893466439992,1
0.09150088040656684,-0.15435583496940009,0
-0.30485156507718497,-0.1341417913592167,1
0.09020289758851434,-0.15478689511689975,0
0.09188367505933837,-0.1551594031400498,0
-0.36609512968574226,0.19270467172907868,1
0.13814682205857648,0.1757313538758391,0
0.09059833928499146,-0.153410558579614,0
0.16713676434016006,0.16463425636045523,0
0.09150173247598704,-0.15356957792453904,0
0.09324533485492802,-0.1585114789565055,0
0.1509755643548067,0.10981451269796713,0
0.0915630638175669,-0.1536875499323291,0
0.17163860144325616,0.16841587163202681,0
0.09109856977017884,-0.15364559479209058,0
-0.32687387989727545,0.17579299611183527,1
-0.2997073695695355,0.23787787403823496,1
-0.2724950965022781,0.23968278269542986,1
0.09103755077598527,-0.15530252942649045,0
0.09172851015353908,-0.15410747070353467,0
0.13577199303924584,0.17125833380902056,0
-0.3066298981765171,-0.13496282038298318,1
0.16780384127242914,0.16424201777089198,0
0.09048767068428888,-0.1568009201808626,0
0.16636469069802076,0.16300293186379164,0
-0.3066594187044478,-0.13481180122763123,1
0.09188433710359138,-0.1515934494515227,0
0.09127905753158468,-0.15315856352406032,0
0.09207752283902139,-0.15389032712076076,0
0.14563292922623602,0.11382092379259803,0
0.16599466091218582,0.16417235953741494,0
-0.30525471574895646,-0.132766239045396,1
0.09168297326163051,-0.15349081948599158,0
0.09014044876072813,-0.1560483435264712,0
0.0916011095990938,-0.15441131957258386,0
0.0907429631051401,-0.1557796848561715,0
0.1423533494424942,0.10233084184649203,0
-0.3073227127455177,-0.13574032882027903,1
-0.34193618016777977,0.2679788757442942,1
0.09089860502699451,-0.1539743179194262,0
0.09104782669587856,-0.15125494522482452,0
0.14923274585764126,0.11313702945399769,0
0.09141618439028038,-0.15367013525610024,0
-0.3060724928872188,-0.1336358087450628,1
0.13443930712332045,0.1128576838609338,0
-0.3119954968390295,-0.13845455408945012,1
0.1359438241162089,0.11134393569163023,0
0.16754415073558393,0.16480531194705952,0
0.1345881078790203,0.1727630501544269,0
0.09077650782111822,-0.1516952665093174,0
0.09050555467182861,-0.15471199337269942,0
0.13585853406941253,0.17461020528719284,0
0.1363804651017394,0.11294160468374047,0
0.13470561133420683,0.17378623059363893,0
-0.27357397346611223,0.24119995653079593,1
-0.30994454060343635,-0.13658129601296,1
-0.3063209797570059,-0.1342544307851619,1
0.16532817892805787,0.16528007342428927,0
0.15038409703360983,0.11626607678463219,0
-0.3026963854489942,0.1742457769619023,1
0.09106004060833188,-0.15302311018940923,0
-0.3061737971851092,0.17737364606885334,1
0.14464960072039518,0.10080928139542406,0
0.09124624899392832,-0.15194582526099168,0
0.1369871817478488,0.10927811935479913,0
-0.30521570223644706,0.174812041088004,1
0.1361431657124241,0.17281876853927186,0
-0.27228982218284603,0.2388615725009976,1
-0.31609475151888844,0.17165009734109715,1
0.09097784296574142,-0.1529023863000247,0
0.09232221229473145,-0.15611768893428543,0
0.09219325160907774,-0.15471690958621181,0
0.15066403600775619,0.11657080716210846,0
0.09195700621418933,-0.15584152652371944,0
0.15095236668098216,0.11387673938013454,0
0.09147880937954028,-0.1517705731143534,0
0.14490431636684856,0.11287857922768385,0
0.09043841455853305,-0.15615994524176607,0
0.09122157885190262,-0.15376191465257366,0
-0.3037532425629143,0.1781620037527749,1
0.13657408400577573,0.11015812195919836,0
0.09212130061120068,-0.15607042589804052,0
0.09266111583955636,-0.15581483539371305,0
-0.30471969596400456,0.17647393665871916,1
0.1651570591753668,0.16180451561310985,0
0.0921329498315139,-0.15378334961110654,0
0.09235923108508047,-0.15646515851165496,0
-0.3047262368835317,-0.13521393989555222,1
0.09215868371933927,-0.15508426061575134,0
-0.31288278128124647,-0.14236291236534485,1
0.09180057216791375,-0.15487553825076228,0
0.14639337960847576,0.11093937486874976,0
0.09059774910098099,-0.15467602066220656,0
-0.30174778312556805,0.23881359591983073,1
-0.2983872935156915,0.17994271287812852,1
0.16689749463908135,0.16581383702602376,0
0.09108266509017493,-0.15312312093154534,0
0.09151109667354677,-0.1545007256445126,0
0.09095136108724487,-0.15782642626375615,0
-0.3067769564494784,-0.135746207237313,1
0.14294847371137653,0.1142722255178821,0
0.16646061719939909,0.16478566554496915,0
0.09268332212607752,-0.15353304531588083,0
0.1657484998338989,0.16374858777301432,0
0.09215105134546282,-0.1563211561995669,0
0.14203915540605072,0.11518390653059532,0
0.09175189341141633,-0.15283998716928213,0
0.0918549026916225,-0.1534622793818179,0
0.14786786239086203,0.0840992351290013,0
0.09099255692513888,-0.15655982490026507,0
0.13433329052511195,0.17216531696732743,0
-0.27366177883483206,0.2414779517063396,1
0.13557275429869928,0.17368971348646012,0
0.13625181976070205,0.1099551933579828,0
0.1507658489570495,0.11469373243593102,0
-0.27194355278151716,0.24010845313035428,1
0.13628904802126865,0.17514434952195063,0
-0.30660099581605266,-0.1352387058349687,1
0.1351373423725219,0.17160174262586475,0
0.1675459186202042,0.16506389943086644,0
-0.29853857092873914,0.18127115723226075,1
-0.27145826030024656,0.23896780293210823,1
0.16537536710819167,0.1599531041993966,0
0.15136417273629763,0.10824714450708718,0
0.09154280492136821,-0.1547328360456282,0
0.13561986602340387,0.17362784502926354,0
0.14556599236206438,0.11391453110785531,0
0.09079291575519567,-0.15388720661619382,0
-0.27391823823796485,0.2411359210745328,1
0.09238771802721912,-0.15471090603025436,0
0.0917924694359411,-0.1527169920667777,0
0.09247466375807542,-0.15376001741698853,0
0.09048858810353982,-0.15348388457889736,0
0.09456713691744273,-0.16375853358964057,0
-0.3047324433141547,-0.13365505130884053,1
0.09209493414421294,-0.15308490602544395,0
0.1664567531418051,0.16463759798453442,0
0.09116638413052083,-0.15324404480190354,0
-0.30563801736016805,-0.13525453347041383,1
0.09158296124955255,-0.15414691916273077,0
-0.30826254705392253,-0.1387506378075382,1
0.1373257962279456,0.17011927223847778,0
0.09065103816968653,-0.15815611977238522,0
0.16597406525613764,0.165075520988832,0
0.09193750019326022,-0.15386981259996935,0
-0.3180412238112713,0.171867411766238,1
0.13580127291610802,0.17404169182449694,0
-0.3031269031395063,0.24199299371202052,1
0.1431182600558264,0.09988680203426457,0
-0.3059372049129695,-0.1336178821134657,1
-0.3224054145942556,0.17358835714316145,1
0.09210765355444438,-0.15415269153210637,0
-0.31569688340703966,0.17113052685943111,1
-0.3036579426420035,-0.13315854583579065,1
0.09111988496067282,-0.15178313262797435,0
0.16560941901092108,0.16164144946547468,0
0.13803549871306084,0.17604709209820996,0
-0.3045669656617185,-0.1343848802301576,1
0.0972201352961049,-0.16838661940667107,0
0.1618836306612445,0.08711520802910178,0
0.1353967574877613,0.17064658624888288,0
-0.2735640090880357,0.24121585062115902,1
-0.30715720498602234,-0.13615563552441404,1
0.09004832226087821,-0.15230066816120802,0
-0.3042432835550709,0.2446683866079194,1
-0.3094928476421823,0.2463874112640469,1
0.1368693270292446,0.11143390704887014,0
0.09147546588493019,-0.15315007223989205,0
0.09157188956019792,-0.15277277255211424,0
0.09100507048241294,-0.1546843674258036,0
-0.3055419843114687,-0.13587148460567644,1
0.09024412288378802,-0.15574402164413823,0
0.09099421919589544,-0.15137275402744593,0
0.14323583448341617,0.11409547817505077,0
0.0911795924603571,-0.15252379615355344,0
0.09165731872173129,-0.15395713847751213,0
0.14505215760906384,0.10014087632654947,0
0.09200531034247542,-0.15496586742139512,0
-0.3094656730874871,0.16216354539349392,1
0.09141581844319523,-0.15319043208415026,0
-0.30692576098486046,-0.1373161850978703,1
-0.30510286421011323,-0.13554846984566205,1
-0.2977705367606791,0.17966124745103038,1
0.14595321462754474,0.11381077952197222,0
0.13359123048641075,0.17132409702278556,0
-0.30822560113164504,0.24203849298029964,1
0.16596796246660395,0.16463893679557945,0
0.09111809713046881,-0.15241643408151084,0
0.1496331900079161,0.11551593726675581,0
-0.2728803936939793,0.24064281545393512,1
-0.30825784894002545,-0.13561105720151995,1
0.09155949095188934,-0.15352651037296303,0
0.09198182990435101,-0.15456875139117374,0
-0.2989104188301297,0.23918385389463692,1
-0.3042093334352683,-0.13561856901101213,1
0.09890366439396774,-0.1658929420495504,0
0.09233303423624856,-0.15619689965051586,0
0.13662525431067743,0.10991961685492514,0
0.0924919761534549,-0.15491124759158334,0
-0.30556666644721425,-0.1348758683170403,1
0.14925765428550647,0.11437973877549903,0
-0.271670351250816,0.23636112415382995,1
0.09157030958723118,-0.15393941941841252,0
0.1368596119088957,0.1727962823175494,0
0.09068521430106465,-0.15718143044632757,0
0.13632128177994504,0.17208423342669998,0
0.16679614789271666,0.16443119656099398,0
0.0880560001295589,-0.15346204438449265,0
-0.30199887355446786,0.2440888804703641,1
0.13539649014162983,0.17384963357289493,0
0.09094751572567598,-0.15732971283009464,0
0.16641132063324982,0.16300994638320954,0
-0.29989937674076955,0.23822749536349838,1
0.15063064754833744,0.11615348218728366,0
-0.30894339301808005,-0.1374088279829325,1
-0.305824166170966,0.1757024349189125,1
0.0911031137466648,-0.15469629517774472,0
0.0911089025577002,-0.1532194852287797,0
-0.30908321077946604,-0.13529423957277284,1
0.1486317409096437,0.11378286068377688,0
0.09223740231354116,-0.15471371163905429,0
-0.3045260549682354,-0.1354344664257254,1
0.14930578392848523,0.11444068369361618,0
0.13593155637082247,0.17330303078645726,0
-0.3148452199955123,0.24385595601548007,1
-0.30138247993237377,0.24151562561372428,1
-0.30567634785006154,-0.13579578401202438,1
0.09123056831694917,-0.1573919654442269,0
0.09115737320180411,-0.15482159896379385,0
-0.30390323629141974,0.1779145649645988,1
-0.3082420980325529,-0.13658487059245428,1
0.09190591529334513,-0.15787942051759551,0
0.09253949478134406,-0.15327803633531756,0
-0.3084594587836612,0.16242790839174914,1
0.09095250532801821,-0.15348546852526948,0
0.09089416623309006,-0.15335325684980566,0
0.09054054108834605,-0.1538178725742688,0
0.1454221490360016,0.11219445768891163,0
0.16661983356683138,0.16515480057106174,0
0.1665860479662282,0.1655398461221849,0
0.16489447768562812,0.1648965390113634,0
0.08907400327568994,-0.15248444528215596,0
0.09185464418381642,-0.15624988482172866,0
0.09131689236295847,-0.15482788079030244,0
0.13696189687767524,0.11066446872347245,0
0.09147505411355498,-0.15573418057010033,0
-0.3041606918668217,0.17659801185025203,1
0.1348759518754503,0.17201755875978572,0
-0.3050305887975702,-0.13400226555564626,1
-0.31680578177509616,0.17098520346897836,1
-0.3043564362262428,-0.13366759311759746,1
0.0908078410617526,-0.1532425987752407,0
0.15025718866040097,0.11633890199707365,0
0.1370650487437581,0.17538583173053038,0
0.091414891052233,-0.15348587665373958,0
-0.30650484631129127,-0.13317421885410438,1
0.15010261646654818,0.1141920616027568,0
-0.2700806617280761,0.23721934768223343,1
0.09038479833983178,-0.15368715337444186,0
0.09078659899224313,-0.15366666635068796,0
0.09214844773522272,-0.1545914647791937,0
-0.30960905191937554,0.1637928760388199,1
0.1503192009918574,0.11309654216712607,0
0.1666876616761181,0.1650236190598829,0
0.16549578030654513,0.1636849996907924,0
0.134212464583491,0.16982444975302502,0
0.16730520067673052,0.16497486446042353,0
0.16688241341979468,0.16532535902705847,0
0.1666378736179187,0.1649383176766529,0
0.14431912866338992,0.11486288946518664,0
0.14414724175946575,0.10086446069926493,0
-0.3046278430266113,0.2439762036232382,1
0.09120449239530215,-0.1547644767521734,0
-0.3038851804252865,-0.13376055426914907,1
0.09167710831845996,-0.1568050924260402,0
0.13467813886253782,0.17041736248136075,0
0.09161583754270854,-0.15588442430834942,0
0.13527102410476835,0.1708505087993478,0
0.14998387907638386,0.11457168326395402,0
0.1663490368878755,0.1626854162824913,0
0.09073337869383674,-0.15426244406754155,0
0.16675403661576485,0.16459860141473423,0
-0.3051085686381836,0.24456887307623792,1
0.15126868501913562,0.11281462788294173,0
0.09116551020087611,-0.15489433656246554,0
0.14524641671726218,0.11129663472620413,0
0.09235985203010594,-0.15484216170299625,0
0.09095519324462749,-0.15379874881169964,0
0.09138143810375822,-0.1528477717675353,0
0.09204533301320951,-0.15153961684656428,0
0.09125248981956485,-0.15308266121841407,0
0.09196757792204395,-0.15389386080100775,0
0.13636301415317884,0.1769547886632084,0
0.13625520412853148,0.11139876037167674,0
0.16518188869360562,0.16102891269760677,0
0.09097760489984072,-0.15341382780359508,0
0.09175326712325652,-0.15394974402220646,0
0.15768432565639404,0.08474838196552167,0
0.09058165565118731,-0.15332948411791247,0
0.09092986194242107,-0.1527644399832621,0
-0.319235759478671,0.18136253922273077,1
0.14890046327066211,0.11454878682081782,0
0.09036873519015792,-0.1542432753518002,0
0.09581360547890061,-0.16071680008085376,0
-0.30668474592020245,-0.1362844215214432,1
-0.31874966203804506,0.17226119345861296,1
-0.3061774762155637,-0.13462002684083835,1
-0.3063575139860691,-0.13552766709739117,1
0.1445310188232766,0.11408974274234729,0
0.15104032296914302,0.1098981378565224,0
0.16813259866329505,0.16624596875105555,0
0.09094043273870127,-0.1547058843453283,0
0.10170054386232888,-0.17912706807139137,0
0.13666775957706745,0.110677134095203,0
-0.31444943938409015,-0.1384744100676886,1
-0.30567177675732754,-0.13595275679180055,1
0.09278876371835232,-0.15579918072423904,0
-0.30314651740324217,0.2394630263947615,1
0.0917849670352563,-0.15403295794926466,0
0.13562160939877177,0.1736898486690759,0
0.1440256834687469,0.11388480675829687,0
0.1360932911407232,0.11139879821867346,0
0.13592640646412074,0.11069927316882787,0
0.09260827696036206,-0.1578782622429744,0
0.08852549960614799,-0.15709977714672527,0
0.09096325243245669,-0.15425597258214357,0
0.09195487840001407,-0.1555944100927874,0
-0.30570008475699817,0.24070451690976405,1
0.09122672511754308,-0.15349045392364008,0
0.14331772684662358,0.10079677257519458,0
0.0919728009905142,-0.15599477833067957,0
0.13602223349269893,0.1732868112248369,0
0.09063094876483424,-0.15369841100815407,0
-0.3182214861974851,0.16519591948122084,1
-0.3084836745765745,-0.13731012603075698,1
0.091013744273325,-0.1527346103912685,0
-0.3080682255199818,-0.1352846506372217,1
0.09094861134516255,-0.1579934699556065,0
0.09228460134830048,-0.15646389599830768,0
-0.2715565147417186,0.2408277174302375,1
0.14515198046181574,0.11443336025745178,0
0.09180276578604524,-0.15321167078420342,0
0.09291648668904405,-0.16245009784969938,0
-0.3029581970992965,0.24236814192313524,1
-0.3012212677296812,0.23833884699245952,1
0.1671644906573438,0.16551943023675886,0
-0.2770872470429493,0.24493131972865356,1
0.13642790634123853,0.11143401246240628,0
0.0912072515688794,-0.15333087415681562,0
0.0893247355273286,-0.15090836125712523,0
-0.3086161867006609,-0.1342417874167715,1
0.09247946592705836,-0.15661269573582234,0
0.16707935973680008,0.1648880896320799,0
0.1492519185585603,0.11377691233778707,0
-0.32576613022329903,0.182640148318044,1
0.16648930028056824,0.16347841694709336,0
0.16605924319610202,0.16620245367358324,0
0.14242553599221722,0.11371835512080235,0
-0.3061797445026902,-0.13519062932018364,1
-0.30720551633799387,-0.13411499485882578,1
0.16503862005638487,0.16242202304748016,0
0.09129663414210443,-0.1546593790200065,0
0.09075679541996858,-0.15350976059635824,0
0.09144403534974793,-0.1574503069554238,0
0.13470083926751963,0.17196222804454445,0
0.13649574407309462,0.17462978154253575,0
0.09326482952220386,-0.16196584995279095,0
-0.3104551316668529,-0.1389876200001416,1
0.09162767838584565,-0.1553710984067856,0
0.09559300057762246,-0.16854792555673223,0
-0.27198179904684033,0.23808544171661436,1
0.09220442147055545,-0.15396751500550845,0
0.09165182421629307,-0.1541638151030849,0
0.13718494625778963,0.11025581246405564,0
-0.27139627954732165,0.24023441408870602,1
0.16660662649635113,0.1633617913876761,0
0.08995292800128081,-0.15354509998947197,0
-0.3060237210584939,-0.13442390223836045,1
-0.3023682052327967,0.18078847353574784,1
-0.30717708642761943,-0.13638216955396623,1
-0.3113798574934696,0.16304746475287357,1
0.09144679252640436,-0.153785520890192,0
0.1647503046912368,0.16240987570689147,0
-0.3010064257004298,0.24095676115635006,1
0.1371112151973873,0.1740545970018341,0
0.165111845711221,0.1606855121357391,0
0.09197656245179635,-0.15487422028049616,0
0.14732710800068058,0.1129204214517076,0
0.159859435957962,0.0844692715840357,0
0.1324604648133728,0.16893382135103235,0
0.09139772034189526,-0.15504595497824533,0
0.09235177071041552,-0.1563791771418923,0
0.09136666471932298,-0.15818097553808366,0
0.09126159911945812,-0.15471368892706033,0
0.1666673505506635,0.16460661871445095,0
0.0909717661550919,-0.15402993779358565,0
0.16662270099924084,0.16478067885740053,0
0.14991319994210792,0.11697441871806599,0
0.09120857581003175,-0.15503882175550748,0
0.09121767975803177,-0.1546681538250896,0
0.14994153529159732,0.11416484302626465,0
0.0915255589041334,-0.15418120958852358,0
0.09084337750125886,-0.15456432818774374,0
-0.3036119177936083,-0.13342635707913572,1
0.09213636159311996,-0.15375405975350498,0
0.09018842967729204,-0.1542578012061636,0
0.09167243350860216,-0.1581791662214912,0
0.09136410451324298,-0.15340887889672775,0
0.09111071155840188,-0.1545624498253118,0
0.13401760822729722,0.10643544853597961,0
-0.3210754280579484,-0.14612497506641697,1
0.16661788997169832,0.1649601297921346,0
-0.3064595964521262,-0.13384860265940343,1
-0.3065145064371297,-0.1350290447454899,1
0.16691524604023772,0.16428393961860857,0
-0.3170792375469329,0.17082227796253674,1
0.09186925376933018,-0.15536153028030494,0
0.14394042174665683,0.1154503531875712,0
0.16734235258371286,0.16479940601619858,0
0.09087249171889138,-0.15384655758023724,0
0.09117564544931227,-0.1527828454370779,0
0.08989438227677138,-0.15384157741379087,0
0.09162767012417766,-0.15372812363705868,0
0.09252630740215233,-0.1538019528283166,0
0.1393583402877247,0.17730176810561463,0
0.09168789651406833,-0.1581418538894064,0
-0.30625890954121204,-0.13679305547786785,1
0.0910702401897693,-0.15516988728715939,0
0.09153521768196797,-0.15299923892205894,0
0.09073920778639442,-0.1540991918565855,0
-0.3052827148902494,-0.1338991810852969,1
0.09201090493731111,-0.15540180071397156,0
-0.30455932453915946,-0.13435576829749143,1
0.1358163436265899,0.11174606848133432,0
0.13597946484485376,0.11180271994924927,0
0.0906904579081559,-0.1549371187935789,0
-0.30532962660601043,-0.13461155268061709,1
-0.271775128034708,0.23952768956489098,1
0.13563238425892554,0.11114245753602156,0
0.1460572172692413,0.11276117189751939,0
0.14400429597051265,0.11175179475516077,0
0.15021727798832724,0.11450063014537358,0
0.09219544830560063,-0.1527305076559031,0
0.13404559673933833,0.17335477296233717,0
0.1440695899702578,0.11162125134807757,0
0.09212411332050194,-0.15538917539604832,0
0.1357169159396809,0.17313119012721787,0
0.13399057191968644,0.17114905892437743,0
0.09165933586940782,-0.15350420645213755,0
-0.2975469330478826,0.18144438329137455,1
0.0921811671142395,-0.15762140614006906,0
0.09540038155131264,-0.15919352008593385,0
0.08896136553870768,-0.15848894391106144,0
-0.30694760012117556,-0.13518245944340151,1
-0.3120865438416745,0.16256568157229745,1
0.0920148532382365,-0.15407588923662777,0
0.14380642947937677,0.10163216355706776,0
-0.3044473434250668,0.18280050844260398,1
0.09114501044753813,-0.1527514259477924,0
-0.305798229916166,-0.13564184297440804,1
-0.2733037113082953,0.24065537156990738,1
0.16637321490005608,0.16427108577926483,0
0.0914344100007434,-0.15208558764445962,0
0.09148948057500303,-0.15195221588750457,0
0.16781839405474488,0.1656867837172159,0
0.09102132550417193,-0.15421277127423277,0
0.14249784083939318,0.10184260019161726,0
0.15838244930084674,0.08664732814273833,0
-0.3060853762615265,-0.13446709361055034,1
0.09117789135398295,-0.15360694583833948,0
0.1472730582092072,0.11271170145763668,0
0.16572974963226647,0.16381713985739538,0
0.13569483209616162,0.1731388513483969,0
0.09266133162791018,-0.1517782009798247,0
0.13611897048694555,0.1744907399162583,0
0.09012452416288709,-0.15436268189945399,0
-0.30128916843078446,0.23935368466735113,1
0.14637284662690395,0.11311875486271684,0
0.14652071576816414,0.11290279554342421,0
0.1362270730026725,0.17329527403472408,0
0.09054819638101239,-0.1546663841644965,0
-0.30656669138955783,-0.13377729165796212,1
0.09073550859612882,-0.15460392195299721,0
-0.30384424835363355,-0.13230473397082365,1
-0.30518535312946454,-0.1337500883679752,1
0.1679589133869703,0.16462005328473167,0
-0.30442655678299413,0.2451441578944856,1
0.08996962427168002,-0.15269610559646937,0
0.09033095212466498,-0.15388140571693393,0
0.1665161260204001,0.16542362561497143,0
-0.30565461284095546,-0.1352952296228064,1
0.091381511901008,-0.15300958432533227,0
0.14594632682013253,0.11216966592442111,0
0.13572917118499342,0.1716821547349805,0
-0.3176096413677322,0.17123356542335938,1
0.16655007195239618,0.16490981722508782,0
-0.304028576925799,0.17408938482822345,1
-0.3096042394857722,0.16217793236001338,1
0.0951829047351272,-0.1613558545657819,0
0.14724228830370076,0.11301572778042872,0
0.09429211787563428,-0.16212137837886764,0
-0.3056948989131913,0.24584283828750092,1
-0.27115007420676224,0.2408534585753266,1
0.1361602267903622,0.11058113102426159,0
0.09136454280142184,-0.15435503402749698,0
0.14361159175320576,0.10177881421051584,0
0.09181504238066161,-0.1529707553247,0
0.14434329718602332,0.10140262875755704,0
0.13634738104672192,0.17301412240464958,0
0.16701225434197225,0.16483007667521055,0
0.09162666799504739,-0.15281667894157794,0
0.17372720153113763,0.17084914486461328,0
0.09207752283902138,-0.1538903271207607,0
0.14733310196808,0.11345555223991462,0
0.09138477616980835,-0.15345342546542615,0
0.16582137961096957,0.1652033743975127,0
0.09007438879225645,-0.15528014493846942,0
0.08836216476515028,-0.15279384472987287,0
0.1365605524454771,0.17202684664489065,0
0.09217534162290109,-0.1536768698391221,0
0.09196046381385693,-0.15587676497883307,0
0.09272665468795858,-0.15685148264311283,0
0.14850971607545757,0.11565715708390137,0
-0.3054186115808349,-0.1361320989471833,1
-0.30404485733538533,-0.13417660978646484,1
0.09002543632966653,-0.15522251338345053,0
0.1459805682515793,0.1130629574090168,0
-0.3062447044494769,-0.13541305382847746,1
-0.3055296925530774,-0.13618511946699022,1
-0.3188126981767996,-0.14601297212172007,1
-0.3065896071718595,0.24510367570309716,1
0.16647937065344434,0.16536750325245594,0
-0.31064049809294825,0.16438216689294635,1
0.0910775211221039,-0.15216937766741445,0
0.14397883693416458,0.11269530407393787,0
0.09141412925579122,-0.1547667373250085,0
-0.3047549090857671,-0.13292999594538404,1
0.09166642764353325,-0.15334824711514328,0
0.09260542825771127,-0.15372987552525033,0
0.14865113120212745,0.11375125134911661,0
0.09191496167835025,-0.1530259521695338,0
-0.31477834415750344,-0.14272379606579785,1
0.09223227343571301,-0.15604132459182724,0
0.16601855412955208,0.16381164153103092,0
-0.3077178069623483,-0.13860857139314517,1
0.14621345415574238,0.1137779623459259,0
-0.3058359962222656,-0.13517098634169653,1
0.14175933346257996,0.11576947970686252,0
-0.3120205281812939,-0.13912002205182425,1
-0.3032121184716018,0.17584842715599233,1
0.16787354211596192,0.1649990413618332,0
-0.2993408594384105,0.237600372029027,1
-0.27274107195690117,0.23919400694288095,1
0.1517661579565078,0.11311009116594199,0
0.1500679045520615,0.11378794640953321,0
-0.30234078101781114,0.2417045412336807,1
-0.30328044846579894,0.24006283367298153,1
-0.30398284728991987,-0.1348553595997362,1
0.09217844340516251,-0.1545453566059343,0
-0.2993769377799049,0.17696969175966396,1
0.09094549747414454,-0.15469873205457718,0
-0.30926634347117454,-0.13577773035029697,1
0.1442647660603407,0.11244944694793847,0
0.09379068302600767,-0.15877950335559976,0
0.14407085825048224,0.10119510542584546,0
0.09143387782234472,-0.15261570531499916,0
0.09116823722851222,-0.15302241344510245,0
0.16487611820077633,0.16295532286468134,0
-0.3060721503589785,-0.13539429842994247,1
0.13610334042153077,0.17502921431547488,0
-0.30643525498531327,-0.13519198640487,1
-0.3168267598979091,0.17121021929999428,1
0.09357042270889736,-0.15776783055759666,0
0.09110177728290458,-0.15390382357641158,0
-0.30161545104227083,0.23953431959540472,1
-0.36485003671694594,-0.18785085686566666,1
0.0913688001069104,-0.15288507081635944,0
0.09073275988443591,-0.15155576230847503,0
-0.3065866417197537,-0.13580520411005015,1
0.09126202561171727,-0.1533638508817326,0
-0.3088641045103215,0.17842457435264467,1
0.13631831427095234,0.11079772956306318,0
0.09161277116080854,-0.1532200450331916,0
0.13452584360643577,0.17018480413743836,0
0.09018314299641673,-0.1513875973182702,0
-0.31571793453494534,0.17037714066980536,1
-0.30655155558294056,-0.13433933486665764,1
0.09024720063418659,-0.15157286200604347,0
0.13435285260369292,0.17169589446033548,0
0.14612763443769258,0.11407798237396824,0
0.13410820406162627,0.17197560594502612,0
0.15007992218205343,0.11504914789539032,0
0.09071307947961392,-0.15594459849347722,0
0.09098035274849879,-0.15589326630524325,0
0.09082908325871565,-0.1552119333791918,0
0.13717805478972822,0.17167039797240904,0
0.1656707920358337,0.163044100726925,0
-0.3084023006601111,0.24677809643100848,1
0.09174917137945904,-0.15270143581477744,0
0.13521680425744478,0.17132768462620815,0
0.16685795338606385,0.16240535602282832,0
0.09231954074961587,-0.1557747336174819,0
0.1653420107286241,0.16183067159741396,0
0.1555095849424485,0.11348975901854316,0
0.14349073959720102,0.1015212168577556,0
0.09167923122116227,-0.15512326851773534,0
-0.27283414200250555,0.24089937808635506,1
-0.26975793369937084,0.23675403862606287,1
0.09148658786094753,-0.1527671102223602,0
0.16705540073222,0.16515328296002058,0
-0.3063409887974131,-0.13341554127916727,1
0.1506397390770552,0.1146212394735712,0
0.1642171865999801,0.1609774836475404,0
0.09236854367223583,-0.15437655626423955,0
0.092055374621742,-0.15425559611958464,0
0.09127839428440532,-0.15308862295958162,0
0.14064815557904714,0.1137800229445025,0
-0.31115857316722656,0.16303956462612834,1
-0.3064201340081646,-0.1338242070266767,1
-0.2738123640295493,0.24101940889799756,1
0.13561854353390798,0.17385696631056127,0
0.0920149109796506,-0.15447183822483435,0
-0.30429273484674385,-0.1336895379590064,1
0.09130607725006593,-0.15675199958428482,0
0.13572806974780333,0.17351566066900542,0
0.09235890609666131,-0.15691930949869248,0
0.1499936280278048,0.11652236850392943,0
-0.306548325037548,-0.13426999724011818,1
0.09204167829155856,-0.15426448939107354,0
0.16564814394890875,0.16415852192330257,0
-0.3063281397794278,-0.1351258365550991,1
0.1358576906476954,0.1732917657518623,0
0.09159721208825725,-0.15540795786276582,0
-0.3096332951005296,0.1757769349468102,1
0.13516856817120187,0.1693969928856292,0
-0.302548741466688,0.17437967845129257,1
0.09041958734341102,-0.15302196673250623,0
0.15041426263100952,0.11689250688360264,0
0.1359800892803749,0.11185892415498755,0
0.0924295064400812,-0.15556059317858803,0
0.16800532503649884,0.1652582554584593,0
0.0914376713974542,-0.1544555503368486,0
0.1665725845340483,0.16536541518533093,0
0.13561653099457643,0.17352409082130882,0
0.09150808634646596,-0.155552781683691,0
0.08985340690902312,-0.15298165240592237,0
0.16608244350435425,0.16465892408655242,0
0.14507987959518512,0.11090826328074861,0
0.08934244420624923,-0.1532904788826346,0
0.1354905814911005,0.17473009817614282,0
-0.30280837869581284,0.2427066392740386,1
-0.30800331693425004,-0.13915996081701582,1
-0.3162765454466915,-0.13950416440484828,1
-0.3033947863614812,-0.13215734674401933,1
0.09173384093040345,-0.15640103426399024,0
0.09128222603284111,-0.15268718549080273,0
-0.3054547190874868,-0.13388467399820891,1
0.09325989132721463,-0.15797260964306006,0
0.16746511390627605,0.16511910118124626,0
0.14462502835950608,0.10048195529928068,0
0.09061433876948953,-0.15406882396458416,0
0.09024159777400646,-0.15284306025135552,0
0.09018434152037483,-0.152783525090829,0
0.13574209558896339,0.1747209264243008,0
-0.30407959894679837,-0.13504690391767207,1
0.09031284291111728,-0.15113130542211892,0
0.14754530765150112,0.11448342179739401,0
0.14584171757319248,0.1115042701990409,0
0.1694632398098308,0.1666174027030693,0
0.09039766951155127,-0.15280162676011846,0
0.09214500849626894,-0.1558022256017026,0
-0.31527087116336877,0.1692381353550562,1
0.09193168893128456,-0.15476731416413397,0
-0.31684799067440134,0.17096996897291475,1
0.1347790043655189,0.17497910358299432,0
0.14342752098250228,0.10020956819449331,0
-0.30542651328934933,-0.1344969797308081,1
0.16610473570552511,0.16493601172861294,0
0.09172897496465313,-0.1527447414522878,0
0.09115560117411495,-0.15453727261383113,0
0.13462286101134288,0.1713528763572873,0
0.14480140401317776,0.10133677533296932,0
0.16637335067936132,0.1654502938501512,0
0.09122610737170421,-0.15567742570066412,0
0.09188190866511418,-0.15454170847762375,0
-0.30783502246225647,-0.1357038570171218,1
0.09178241745956815,-0.15440571665686537,0
0.16519855435144018,0.1631838171586302,0
0.16616901567550726,0.16398060593437916,0
0.09126005919308033,-0.15653167849308763,0
0.09100593980569713,-0.15214156874638302,0
0.09150564201330431,-0.15381943805496487,0
0.1421751718358902,0.11385109086389485,0
0.09185114898057727,-0.1540267742222876,0
0.08936660414917626,-0.15326383610364785,0
0.09112868509044121,-0.15342893552510048,0
0.09106622795552081,-0.1532609699294556,0
0.1475539149292483,0.11386621562553469,0
0.16719719084492016,0.16498486163093104,0
0.09139095144463359,-0.15549146695651017,0
0.09381356408304035,-0.1614971543073651,0
0.09232970888746375,-0.15505183789829466,0
0.09131585347914634,-0.15431006284987323,0
0.09110238264579888,-0.1527455744052392,0
0.08964544573441822,-0.15270023616664213,0
-0.31009964434745957,0.14863223933113995,1
-0.3126320960742897,0.16961940475655785,1
0.09188456962398224,-0.15366537851195564,0
-0.27849362382799925,0.24163252729090906,1
0.09193352023462634,-0.15308115777457246,0
0.09063315817179068,-0.15314333721273735,0
-0.30447899624098085,0.17508677577223386,1
0.09040658196668938,-0.15342368123223982,0
0.09169657148299701,-0.15507591893947759,0
0.09160455588202335,-0.15440051850435874,0
0.09524713247597225,-0.16049910416137744,0
0.13083200552232385,0.17065838232748548,0
0.09247960219664031,-0.15575308128643708,0
0.1639367724823267,0.16112387249246307,0
-0.308577705843754,-0.13716483769012056,1
0.09234850599772096,-0.1575037025764281,0
0.09202569352934346,-0.15283312710233452,0
-0.2718393955865003,0.23942624749905672,1
0.16593678762603836,0.1623946123773849,0
0.13395118557215652,0.17348271682612845,0
0.13458422209254156,0.17313990261507683,0
-0.3057198599426011,-0.13544174086475688,1
-0.3088587780882398,-0.13616345904335572,1
0.09151433039144738,-0.15388135701072947,0
0.14488203441480102,0.11408930601246184,0
0.09170546378454723,-0.15281797392915777,0
-0.30491433819764485,-0.13346412594240945,1
0.09148083988405492,-0.15310803572927636,0
0.16606433404172463,0.16463284302124703,0
0.09216713791340961,-0.15436274235540534,0
-0.30915808344449686,-0.1376191613083155,1
0.13547869393420936,0.1717004303838156,0
0.13561088616288816,0.1736529202155619,0
0.0912941951372345,-0.15990195678661018,0
0.1656114053863286,0.16499874600648565,0
-0.30185181152818286,0.24198265376589928,1
0.0916472518057139,-0.15286348783449788,0
-0.31720160675254727,0.1716060813569813,1
-0.2985053694761205,0.17990927737429943,1
0.09033281692508965,-0.15446221177684832,0
0.13544161931578177,0.1729103264888985,0
0.1448112157615536,0.1144583953378093,0
0.15030077870906083,0.113233909898282,0
0.09195781327548654,-0.15355536119213176,0
0.13595281078880517,0.17279744177209436,0
0.13563140400778978,0.10939103109766084,0
-0.30322063965052776,0.17396705955669964,1
0.09211955040514483,-0.15316392367554915,0
0.13588390761112082,0.17359076292866332,0
0.16627319851603475,0.16358651749365485,0
0.15032344129237343,0.11650819316053689,0
0.09057315181585425,-0.15302050683059817,0
-0.3027742072066111,0.23765550506758343,1
0.0910642894020739,-0.15355309568646752,0
0.09236249385987025,-0.15590152137260338,0
0.13610304805277665,0.17241242947707272,0
0.14429953714131497,0.11579834734947002,0
0.1494453596687284,0.11452007020107413,0
0.13340762427783473,0.17144551395293023,0
0.09109265902870675,-0.15632867355909788,0
0.13526583018705537,0.17307661848850656,0
-0.2764435439830944,0.24380923155809445,1
0.16699173741603765,0.16500243762334607,0
-0.3257445089398359,-0.14980463413352035,1
0.09228075133505431,-0.1533426782014188,0
0.16779927561470764,0.16513012021905454,0
0.16615767645927326,0.1623404032490312,0
0.09231927962417054,-0.15366366500537507,0
0.14679157569876322,0.08343570745227372,0
0.1669114847003757,0.16250889129800247,0
0.16668727203505881,0.1662349915279777,0
0.09210410606820284,-0.15463705626389723,0
0.09043747741607551,-0.1525351342111325,0
0.14401287739800595,0.10124891915734588,0
0.08971528000813128,-0.15668531693301804,0
0.16782387292618609,0.16591110498213946,0
0.13544906150768254,0.10864028116259539,0
-0.31790023413725504,0.168114293888819,1
-0.31309706418766575,-0.13734484954824536,1
0.1366563969059776,0.11064836065151604,0
0.14908866114963745,0.1150269639044309,0
0.16527570597172025,0.1631079574201043,0
0.09186845848780402,-0.1538361112435314,0
0.1665136080485221,0.16624604736569626,0
0.09075449865496192,-0.15636736393223888,0
-0.3048137339900336,0.176681309491094,1
-0.3040548608944662,0.17686386257727243,1
-0.30611264823446577,-0.13522618431659686,1
0.14443624453479045,0.11363318505385635,0
0.09183215053034445,-0.15539078676687446,0
-0.27159330713703606,0.2390258283945592,1
-0.299695975297304,0.17923722982992443,1
0.09027259105138742,-0.15426381247790455,0
0.1499784931853097,0.11393777062986715,0
0.09131296371589988,-0.15275821853436974,0
0.09093413044832424,-0.15322173261232552,0
0.09128163652895382,-0.15318179266499513,0
0.09331928111164911,-0.15844535723901285,0
-0.3054500058631612,0.17657110478047824,1
0.09138793018117383,-0.15471669869611612,0
-0.3056852537899461,-0.13400133552176108,1
-0.3028670231486269,-0.13420744148108846,1
-0.2713751708287524,0.23776759081454385,1
0.1638784178740387,0.15960354843186264,0
0.0916210230715356,-0.15506770883103524,0
0.14097535697912186,0.1783933057161416,0
0.16540135091227373,0.16150152077621516,0
0.09181147977976463,-0.154062163214482,0
0.09055064099724325,-0.1584590014270334,0
-0.3051123280711111,-0.13527549575410583,1
0.13374215275501097,0.1709447847293539,0
-0.30535183950838596,-0.13365465614635788,1
0.0900359413168655,-0.15226214607860508,0
-0.3170012519650779,-0.14356311801494193,1
0.16611211341464827,0.1635563874943854,0
0.09186197082363061,-0.1527376042342895,0
0.09040763345247446,-0.15473734409644943,0
0.1347832883351238,0.1111642864552943,0
0.13556975878435595,0.1734117827959329,0
0.13747751753519766,0.11239117952802617,0
0.09163564899303701,-0.15421921606485872,0
-0.3038831436283111,0.17688455160140534,1
-0.30667486261442245,-0.13663297518432355,1
0.09114968491608491,-0.15586570682319903,0
-0.3106982063623961,-0.13558982003333475,1
-0.309964698434721,-0.13649526461466857,1
0.0898668813366703,-0.15479836024730445,0
0.13691990546977292,0.1726783913954588,0
0.09173412812373832,-0.15521347732551496,0
0.16684647390183374,0.16332229715644225,0
0.16514626282916509,0.16127899884435123,0
0.09116638158151759,-0.15290624194018462,0
0.16670577511560974,0.16553934937245876,0
0.15064432274977946,0.11362389854611551,0
0.0914811278804409,-0.154987633837113,0
0.14544184554717374,0.1131711996040307,0
0.1348350287441123,0.17312058033795824,0
0.16716678022720033,0.16429110605898165,0
0.09199937634125668,-0.15576840342874682,0
0.09135492715698362,-0.1551391392818388,0
-0.30478806968838995,-0.13506226800020732,1
0.09256221857719908,-0.15751183556251416,0
0.09215578156024655,-0.1551177699414227,0
0.09150678347231463,-0.15467757889007908,0
0.09164754181857843,-0.15470673267271257,0
0.09338006404642066,-0.15825529563996768,0
0.16719439126402733,0.1648597996517787,0
0.1364423583540744,0.17454308220589768,0
-0.30517643943834094,-0.13616231812343335,1
0.09132200677115311,-0.15388873838788286,0
0.13536364648984658,0.17146136773887952,0
-0.3037437474633014,-0.13309545198420314,1
-0.30455273208457734,-0.13530307052810486,1
0.09201714398683222,-0.15560752739390593,0
-0.32021388539129275,0.1740010577292158,1
0.0906748497352084,-0.15156398542745647,0
0.09122654599726422,-0.1545636568235807,0
-0.30481748830086247,-0.13430709445188851,1
0.09208121033042026,-0.15683755359003687,0
0.09149663608516664,-0.15405447300213507,0
0.16654348747667252,0.16399638868008135,0
0.09010825485638534,-0.1530404100053824,0
0.09312011073896335,-0.1593813882129127,0
0.1646988052631208,0.16161660299851718,0
0.09050242293790405,-0.15355772720448835,0
0.1341892676291657,0.17407458189826114,0
0.09196640434394976,-0.1549729194011916,0
-0.305278055698644,-0.13545593326579924,1
-0.27146289853826494,0.24002477749416387,1
0.16570022928787861,0.16391478671244072,0
0.09123213514662229,-0.15348368312626678,0
-0.3050903635672341,-0.1347536011611883,1
-0.30704670394617833,-0.1358354140560809,1
0.09116326161190574,-0.15304860737834797,0
-0.3020883015059386,0.24050722106965441,1
-0.3088345509705424,-0.1358358408162514,1
-0.30416376254090716,-0.13422345024202442,1
-0.3038409145959915,-0.13392468818460151,1
-0.30516903569982606,0.2453047241620421,1
0.09064054591843616,-0.15507944612484728,0
0.09126484150304909,-0.15207591170739926,0
0.09169441994674393,-0.15100554177702893,0
0.09199627357489115,-0.15342297733143387,0
-0.2732474948172517,0.2399292890815158,1
0.090891927749749,-0.15636097885627545,0
0.0909185049598631,-0.154883474972203,0
-0.3090839136810144,-0.1371914418938225,1
-0.3082357635272897,-0.13945394735793737,1
0.09163248546616828,-0.1584684253328278,0
-0.3049835151425737,-0.13523993428873227,1
0.1662719826360031,0.16363627780249462,0
-0.3161004924551615,0.17163102494691973,1
-0.30669989493697425,-0.13617980002026359,1
-0.30478452981375165,-0.13481110173716296,1
0.09195972671311854,-0.15383291021586795,0
0.09202351977090266,-0.15328975778000922,0
0.13183607780995774,0.17357632272762563,0
-0.30688162528231017,-0.13521131786697477,1
0.0908809500260407,-0.1529936220860318,0
0.09208276591821056,-0.15621082747385248,0
0.1344295935579099,0.17190752470529866,0
-0.3011801423439051,0.1749921858276586,1
0.09276072542740721,-0.15270468990762948,0
-0.3081403375229769,-0.1355877911726927,1
0.09190375602206734,-0.15655427336339753,0
0.13679564262036445,0.10982862993053896,0
0.0915505530796017,-0.15603572602760898,0
-0.30468178254899553,-0.13348217024121245,1
-0.303460428804756,0.24211760114605707,1
0.09190275923237157,-0.15632789286146861,0
0.14426833423064936,0.11519598098984374,0
0.16368744385648232,0.1632038603706288,0
0.14515957681964703,0.11312729243596664,0
0.09906181757235215,-0.16607107100774143,0
0.09159555110385523,-0.15979530933424735,0
-0.3044477496970333,-0.13407050524365025,1
0.0922762722670258,-0.15424069728342077,0
0.09129336928287764,-0.15549577437381223,0
0.08950787882004153,-0.15374132941500038,0
0.0902283071904699,-0.1517759574211379,0
0.09188531583515686,-0.15277998140186178,0
0.09096057458936761,-0.15581847954223593,0
0.14211438989238545,0.10361049274926944,0
0.09119915843185704,-0.15509657653933223,0
0.08929739414254947,-0.1530177095766979,0
0.09258200481687034,-0.1584554803959526,0
0.092519674875209,-0.15273403812444347,0
0.16680840677066414,0.16386853994382358,0
-0.3034181849458701,-0.1321178678234622,1
0.09180732670285442,-0.1538953647053169,0
0.16506707763913622,0.16091648453586796,0
-0.30839003787331254,-0.13407295832946292,1
0.14418145038990438,0.11473839842075896,0
0.1644373026014227,0.16407980502971142,0
0.13581807270072344,0.1096213130722064,0
0.09005773365836876,-0.15483212478324732,0
0.09196537010286811,-0.15496772707084094,0
-0.29921970005965826,0.24007053887427374,1
0.1488469651856864,0.11359588184012519,0
0.16586554019502936,0.16466661764850477,0
0.0912456587538352,-0.15362552545718425,0
0.1364126897645994,0.17329043810519892,0
-0.30376699959647435,0.17548159848542172,1
0.09301505138441933,-0.15663065418152813,0
-0.3060400155135982,0.17424469948485324,1
-0.31635666969069837,0.17133877179193216,1
0.1650310863271688,0.16166141783645271,0
0.0909459917919214,-0.1518917573398143,0
0.09163411580968144,-0.154569062431827,0
-0.3050134590175123,-0.1336769063338716,1
-0.3030260533526393,0.24252132670919652,1
0.13392432039651164,0.1724860697320694,0
0.09138155866651036,-0.15676704851613538,0
0.14978757535118783,0.1151745883534082,0
0.09022419600265663,-0.1541323155521603,0
0.16563751641629473,0.1632481313365243,0
0.1660573897761444,0.16348774651741585,0
0.13210404809214182,0.10743621214298325,0
0.09137601392760265,-0.15304230507942523,0
0.09267444597520955,-0.1560082092100712,0
0.1622643223038032,0.08643213118061917,0
